Workbook

Sheet Notes
A1: Version History
A2: 1.1 | B2: Initial version with 2022 rates
A3: 1.1 | B3: Modified the rate for DBA to USD 26
A9: Access Restrictions
A10: Deal tool access should be limited to Directors and above level.

Sheet Idexx-
A1: Project Name | B1: Idexx-Change Order, Opp#102165 | G1: ** Access level of this sheet is NorthOut Directors and above in Boston and Indore office and finance team
A2: Client Risk Tier | B2: Enterprise
A4: Title | B4: Role on SOW | C4: Start Date | D4: End Date | E4: Allocation | F4: HOURLY COST (DO NOT EDIT) | G4: COST SUB TOTAL | H4: Billed Hourly Rate | I4: SUB TOTAL
A5: BOS - Product Owner | B5: Product Manager | C5: 44449 | D5: 44561 | E5: 1 | F5: =IFERROR(VLOOKUP(A5,'Finance team only'!D:E,2,FALSE),0) -> 0 | G5: =NETWORKDAYS(C5,D5)*8*E5*F5 -> 0 | H5: 35 | I5: =NETWORKDAYS(C5,D5)*8*E5*H5 -> 22680 | L5: LEGEND
A6: IDR - Project Manager | B6: IDR - Sr. Project Manager | C6: 44449 | D6: 44561 | E6: 1 | F6: =IFERROR(VLOOKUP(A6,'Finance team only'!D:E,2,FALSE),0) -> 0 | G6: =NETWORKDAYS(C6,D6)*8*E6*F6 -> 0 | H6: 35 | I6: =NETWORKDAYS(C6,D6)*8*E6*H6 -> 22680 | L6: Do Not Edit
A7: IDR - Software Engineer | B7: Technical lead | C7: 44449 | D7: 44561 | E7: 1 | F7: =IFERROR(VLOOKUP(A7,'Finance team only'!D:E,2,FALSE),0) -> 0 | G7: =NETWORKDAYS(C7,D7)*8*E7*F7 -> 0 | H7: 35 | I7: =NETWORKDAYS(C7,D7)*8*E7*H7 -> 22680 | L7: Edit
A8: IDR - Business Analyst | B8: Technical lead | C8: 44449 | D8: 44561 | E8: 1 | F8: =IFERROR(VLOOKUP(A8,'Finance team only'!D:E,2,FALSE),0) -> 0 | G8: =NETWORKDAYS(C8,D8)*8*E8*F8 -> 0 | H8: 35 | I8: =NETWORKDAYS(C8,D8)*8*E8*H8 -> 22680
A9: IDR - Software Engineer | B9: Senior engineer | C9: 44449 | D9: 44561 | E9: 1 | F9: =IFERROR(VLOOKUP(A9,'Finance team only'!D:E,2,FALSE),0) -> 0 | G9: =NETWORKDAYS(C9,D9)*8*E9*F9 -> 0 | H9: 35 | I9: =NETWORKDAYS(C9,D9)*8*E9*H9 -> 22680
A10: IDR - Software Engineer | B10: Senior engineer | C10: 44449 | D10: 44561 | E10: 1 | F10: =IFERROR(VLOOKUP(A10,'Finance team only'!D:E,2,FALSE),0) -> 0 | G10: =NETWORKDAYS(C10,D10)*8*E10*F10 -> 0 | H10: 35 | I10: =NETWORKDAYS(C10,D10)*8*E10*H10 -> 22680
A11: IDR - Software Engineer | B11: Senior engineer | C11: 44449 | D11: 44561 | E11: 1 | F11: =IFERROR(VLOOKUP(A11,'Finance team only'!D:E,2,FALSE),0) -> 0 | G11: =NETWORKDAYS(C11,D11)*8*E11*F11 -> 0 | H11: 35 | I11: =NETWORKDAYS(C11,D11)*8*E11*H11 -> 22680
A12: IDR - Software Engineer | B12: Quality Lead | C12: 44449 | D12: 44561 | E12: 1 | F12: =IFERROR(VLOOKUP(A12,'Finance team only'!D:E,2,FALSE),0) -> 0 | G12: =NETWORKDAYS(C12,D12)*8*E12*F12 -> 0 | H12: 35 | I12: =NETWORKDAYS(C12,D12)*8*E12*H12 -> 22680
A13: IDR - Software Engineer | B13: Lab BA | C13: 44449 | D13: 44561 | E13: 1 | F13: =IFERROR(VLOOKUP(A13,'Finance team only'!D:E,2,FALSE),0) -> 0 | G13: =NETWORKDAYS(C13,D13)*8*E13*F13 -> 0 | H13: 35 | I13: =NETWORKDAYS(C13,D13)*8*E13*H13 -> 22680
A14: IDR - Software Engineer | B14: IDR-Project Manager | C14: 44449 | D14: 44561 | E14: 1 | F14: =IFERROR(VLOOKUP(A14,'Finance team only'!D:E,2,FALSE),0) -> 0 | G14: =NETWORKDAYS(C14,D14)*8*E14*F14 -> 0 | H14: 35 | I14: =NETWORKDAYS(C14,D14)*8*E14*H14 -> 22680
A15: IDR - Software Engineer | B15: Technical lead | C15: 44449 | D15: 44561 | E15: 1 | F15: =IFERROR(VLOOKUP(A15,'Finance team only'!D:E,2,FALSE),0) -> 0 | G15: =NETWORKDAYS(C15,D15)*8*E15*F15 -> 0 | H15: 35 | I15: =NETWORKDAYS(C15,D15)*8*E15*H15 -> 22680
A16: IDR - Software Engineer | B16: Technical lead | C16: 44449 | D16: 44561 | E16: 1 | F16: =IFERROR(VLOOKUP(A16,'Finance team only'!D:E,2,FALSE),0) -> 0 | G16: =NETWORKDAYS(C16,D16)*8*E16*F16 -> 0 | H16: 35 | I16: =NETWORKDAYS(C16,D16)*8*E16*H16 -> 22680
A17: IDR - Software Engineer | B17: Senior engineer | C17: 44449 | D17: 44561 | E17: 1 | F17: =IFERROR(VLOOKUP(A17,'Finance team only'!D:E,2,FALSE),0) -> 0 | G17: =NETWORKDAYS(C17,D17)*8*E17*F17 -> 0 | H17: 35 | I17: =NETWORKDAYS(C17,D17)*8*E17*H17 -> 22680
A18: IDR - Software Engineer
A19: BOS - Contractor
A20: IDR - Quality Engineer
A21: IDR - Quality Engineer
A25: IDR - Sr. Software Engineer | B25: Senior engineer | C25: 44449 | D25: 44561 | E25: 1 | F25: =IFERROR(VLOOKUP(A25,'Finance team only'!D:E,2,FALSE),0) -> 0 | G25: =NETWORKDAYS(C25,D25)*8*E25*F25 -> 0 | H25: 35 | I25: =NETWORKDAYS(C25,D25)*8*E25*H25 -> 22680
A26: IDR - Sr. Software Engineer | B26: Senior engineer | C26: 44449 | D26: 44561 | E26: 1 | F26: =IFERROR(VLOOKUP(A26,'Finance team only'!D:E,2,FALSE),0) -> 0 | G26: =NETWORKDAYS(C26,D26)*8*E26*F26 -> 0 | H26: 35 | I26: =NETWORKDAYS(C26,D26)*8*E26*H26 -> 22680
A27: IDR - Sr. Quality Engineer | B27: QA engineer | C27: 44449 | D27: 44561 | E27: 1 | F27: =IFERROR(VLOOKUP(A27,'Finance team only'!D:E,2,FALSE),0) -> 0 | G27: =NETWORKDAYS(C27,D27)*8*E27*F27 -> 0 | H27: 35 | I27: =NETWORKDAYS(C27,D27)*8*E27*H27 -> 22680
A28: IDR - Business Analyst | B28: Vet BA | C28: 44449 | D28: 44561 | E28: 1 | F28: =IFERROR(VLOOKUP(A28,'Finance team only'!D:E,2,FALSE),0) -> 0 | G28: =NETWORKDAYS(C28,D28)*8*E28*F28 -> 0 | H28: 35 | I28: =NETWORKDAYS(C28,D28)*8*E28*H28 -> 22680
G31: =SUM(G5:G30) -> 0 | I31: =SUM(I5:I30) -> 385560
A32: Override Revenue | I32: 376040 | J32: << Make sure this is correct
A33: Override People Cost (If contractor) | I33: =G31 -> 0
A34: Risk Buffer | I34: =IF($B$2="Enterprise",'Finance team only'!I5*$I$32,'Finance team only'!I4*$I$32) -> 7520.8
A35: SG&A | I35: =I32*'Finance team only'!I2 -> 75208
A36: People Utilization Adjustment | I36: =G31*'Finance team only'!I3 -> 0
A37: Gross Margin | I37: =(I32-G31)/I32 -> 1
A38: NET MARGIN (Green 45+, Yellow: 35-40, Red: Under 35) | I38: =(I32-SUM(I33:I36))/I32 -> 0.78

Sheet Project Team
A1: Project Name
A3: Title | B3: Role on SOW | C3: Start Date | D3: End Date | E3: Allocation | F3: HOURLY COST (DO NOT EDIT) | G3: COST SUB TOTAL | H3: Hourly Rate | I3: SUB TOTAL
A4: IDR-Project Management-Lead Project Manager | B4: PM | C4: 46083 | D4: 46139 | E4: 0.33 | F4: 28 | G4: =NETWORKDAYS(C4,D4)*8*E4*F4 -> 3030.72 | H4: 45 | I4: =NETWORKDAYS(C4,D4)*8*E4*H4 -> 4870.8
A5: IDR-Data Services-Lead Developer | B5: AI Architect | C5: 46083 | D5: 46139 | E5: 0.5 | F5: 52 | G5: =NETWORKDAYS(C5,D5)*8*E5*F5 -> 8528 | H5: 45 | I5: =NETWORKDAYS(C5,D5)*8*E5*H5 -> 7380
A6: IDR-QA-Manual-Quality Assurance Eng | B6: QA | C6: 46083 | D6: 46139 | E6: 0.5 | F6: 10 | G6: =NETWORKDAYS(C6,D6)*8*E6*F6 -> 1640 | H6: 35 | I6: =NETWORKDAYS(C6,D6)*8*E6*H6 -> 5740
A7: BLR-DevOps-Lead DevOps Engineer | B7: Cloud Engineer | C7: 46083 | D7: 46139 | E7: 0.25 | F7: 15 | G7: =NETWORKDAYS(C7,D7)*8*E7*F7 -> 1230 | H7: 35 | I7: =NETWORKDAYS(C7,D7)*8*E7*H7 -> 2870
A8: IDR-Backend-Lead software Engineer | B8: AI Engineer | C8: 46083 | D8: 46139 | E8: 1 | F8: =IFERROR(VLOOKUP(A8,'Finance team only'!D:E,2,FALSE),0) -> 18 | G8: =NETWORKDAYS(C8,D8)*8*E8*F8 -> 5904 | H8: 35 | I8: =NETWORKDAYS(C8,D8)*8*E8*H8 -> 11480
G9: =SUM(G4:G8) -> 20332.72 | I9: =SUM(I4:I8) -> 32340.8
A10: Override Revenue | I10: 34000 | J10: << Make sure this is correct
A11: People Cost | I11: =G9 -> 20332.72
A12: Gross Margin | I12: =(I10-G9)/I10 -> 0.40197882 | J12: Below 50% - Seek management approval
G20: T&M Rate: $75/hr

Sheet Finance team only
A1: Location | B1: Community | C1: Role | D1: Listed Role | E1: Gross Hourly Cost to Company | F1: Rate Card | H1: Planning Parameters
A2: IDR | B2: Backend | C2: Associate Software Eng | D2: =A2&"-"&B2&"-"&C2 -> IDR-Backend-Associate Software Eng | E2: 4 | F2: 20 | H2: SG&A | I2: 0.2
A3: IDR | B3: Backend | C3: Lead software Engineer | D3: =A3&"-"&B3&"-"&C3 -> IDR-Backend-Lead software Engineer | E3: 18 | F3: 35 | H3: Utiliation Gaps | I3: 0.2
A4: IDR | B4: Backend | C4: Senior software Engineer | D4: =A4&"-"&B4&"-"&C4 -> IDR-Backend-Senior software Engineer | E4: 11 | F4: 30 | H4: Start-up | I4: 0.04
A5: IDR | B5: Backend | C5: Software Engineer | D5: =A5&"-"&B5&"-"&C5 -> IDR-Backend-Software Engineer | E5: 6 | F5: 25 | H5: Enterprise | I5: 0.02
A6: IDR | B6: Backend | C6: Technical Architect | D6: =A6&"-"&B6&"-"&C6 -> IDR-Backend-Technical Architect | E6: 52 | F6: 55
A7: IDR | B7: Business Analyst | C7: Associate Business Analyst | D7: =A7&"-"&B7&"-"&C7 -> IDR-Business Analyst-Associate Business Analyst | E7: 4 | F7: 20 | H7: BGR Utiliation Gaps | I7: 0.1
A8: IDR | B8: Business Analyst | C8: Business Analyst | D8: =A8&"-"&B8&"-"&C8 -> IDR-Business Analyst-Business Analyst | E8: 7 | F8: 25
A9: IDR | B9: Business Analyst | C9: Lead Business Analyst | D9: =A9&"-"&B9&"-"&C9 -> IDR-Business Analyst-Lead Business Analyst | E9: 18 | F9: 35
A10: IDR | B10: Business Analyst | C10: Senior Business Analyst | D10: =A10&"-"&B10&"-"&C10 -> IDR-Business Analyst-Senior Business Analyst | E10: 12 | F10: 30
A11: IDR | B11: Data Services | C11: Associate Software Eng | D11: =A11&"-"&B11&"-"&C11 -> IDR-Data Services-Associate Software Eng | E11: 4 | F11: 30
A12: IDR | B12: Data Services | C12: Database Administrator | D12: =A12&"-"&B12&"-"&C12 -> IDR-Data Services-Database Administrator | E12: 27 | F12: 45
A13: IDR | B13: Data Services | C13: Lead Developer | D13: =A13&"-"&B13&"-"&C13 -> IDR-Data Services-Lead Developer | E13: 24 | F13: 45 | I13: =28800/12 -> 2400
A14: IDR | B14: Data Services | C14: Senior Data Analyst | D14: =A14&"-"&B14&"-"&C14 -> IDR-Data Services-Senior Data Analyst | E14: 21 | F14: 35 | I14: =21600/12 -> 1800
A15: IDR | B15: Data Services | C15: Data Analyst | D15: =A15&"-"&B15&"-"&C15 -> IDR-Data Services-Data Analyst | E15: 11 | F15: 30
A16: IDR | B16: Data Services | C16: Technical Architect | D16: =A16&"-"&B16&"-"&C16 -> IDR-Data Services-Technical Architect | E16: 41 | F16: 60
A17: IDR | B17: DevOps | C17: Associate Software Eng | D17: =A17&"-"&B17&"-"&C17 -> IDR-DevOps-Associate Software Eng | E17: 4 | F17: 25
A18: IDR | B18: DevOps | C18: Lead DevOps Engineer | D18: =A18&"-"&B18&"-"&C18 -> IDR-DevOps-Lead DevOps Engineer | E18: 13 | F18: 45
A19: IDR | B19: DevOps | C19: Senior software Engineer | D19: =A19&"-"&B19&"-"&C19 -> IDR-DevOps-Senior software Engineer | E19: 13 | F19: 40
A20: IDR | B20: DevOps | C20: Software Engineer | D20: =A20&"-"&B20&"-"&C20 -> IDR-DevOps-Software Engineer | E20: 14 | F20: 35
A21: IDR | B21: Front-end | C21: Lead software Engineer | D21: =A21&"-"&B21&"-"&C21 -> IDR-Front-end-Lead software Engineer | E21: 18 | F21: 30
A22: IDR | B22: Front-end | C22: Senior software Engineer | D22: =A22&"-"&B22&"-"&C22 -> IDR-Front-end-Senior software Engineer | E22: 10 | F22: 25
A23: IDR | B23: Front-end | C23: Software Engineer | D23: =A23&"-"&B23&"-"&C23 -> IDR-Front-end-Software Engineer | E23: 6 | F23: 20
A24: IDR | B24: Front-end | C24: Technical Architect | D24: =A24&"-"&B24&"-"&C24 -> IDR-Front-end-Technical Architect | E24: 26 | F24: 40
A25: IDR | B25: Project Management | C25: Lead Project Manager | D25: =A25&"-"&B25&"-"&C25 -> IDR-Project Management-Lead Project Manager | E25: 28 | F25: 40
A26: IDR | B26: Project Management | C26: Project Manager | D26: =A26&"-"&B26&"-"&C26 -> IDR-Project Management-Project Manager | E26: 21 | F26: 30
... A89: BOS | B89: Consultant | C89: Consultant-Architect | D89: =A89&"-"&B89&"-"&C89 -> BOS-Consultant-Consultant-Architect | E89: 120 | F89: 180
